Workbook

Sheet Raw_Orders_Data
A1: Food Delivery Orders Dataset (50 Records)
A3: Order ID | B3: Restaurant | C3: City | D3: Delivery Partner | E3: Amount (₹)
A4: ORD-1001 | B4: Gwalia | C4: Surat | D4: Zomato | E4: 1559
A5: ORD-1002 | B5: Tomatoes | C5: Vadodara | D5: Shadowfax | E5: 478
A6: ORD-1003 | B6: Sankalp | C6: Rajkot | D6: Dunzo | E6: 301
A7: ORD-1004 | B7: Mocha | C7: Ahmedabad | D7: Swiggy | E7: 1768
A8: ORD-1005 | B8: Mirch Masala | C8: Surat | D8: Zomato | E8: 813
A9: ORD-1006 | B9: Burger King | C9: Vadodara | D9: Shadowfax | E9: 751
A10: ORD-1007 | B10: Subway | C10: Rajkot | D10: Dunzo | E10: 707
A11: ORD-1008 | B11: Honest | C11: Ahmedabad | D11: Swiggy | E11: 535
A12: ORD-1009 | B12: Gwalia | C12: Surat | D12: Zomato | E12: 1758
A13: ORD-1010 | B13: Tomatoes | C13: Vadodara | D13: Shadowfax | E13: 459
A14: ORD-1011 | B14: Sankalp | C14: Rajkot | D14: Dunzo | E14: 1635
A15: ORD-1012 | B15: Mocha | C15: Ahmedabad | D15: Swiggy | E15: 1766
... A53: ORD-1050 | B53: Tomatoes | C53: Vadodara | D53: Shadowfax | E53: 448

Sheet Pivot_Summaries
A1: Task 1 & 4: Total Order Amount by City (Filtered for Ahmedabad or All) | E1: Task 2: 2D Matrix (Rows: Restaurant, Cols: City)
A3: City | B3: Total Amount (₹) | C3: Total Orders (COUNT) | E3: Restaurant | F3: Ahmedabad | G3: Surat | H3: Vadodara | I3: Rajkot | J3: Total
A4: Ahmedabad | B4: =SUMIF(Raw_Orders_Data!C4:C53, A4, Raw_Orders_Data!E4:E53) | C4: =COUNTIF(Raw_Orders_Data!C4:C53, A4) | E4: Honest | F4: =SUMIFS(Raw_Orders_Data!$E$4:$E$53, Raw_Orders_Data!$B$4:$B$53, $E4, Raw_Orders_Data!$C$4:$C$53, F$3) | G4: =SUMIFS(Raw_Orders_Data!$E$4:$E$53, Raw_Orders_Data!$B$4:$B$53, $E4, Raw_Orders_Data!$C$4:$C$53, G$3) | H4: =SUMIFS(Raw_Orders_Data!$E$4:$E$53, Raw_Orders_Data!$B$4:$B$53, $E4, Raw_Orders_Data!$C$4:$C$53, H$3) | I4: =SUMIFS(Raw_Orders_Data!$E$4:$E$53, Raw_Orders_Data!$B$4:$B$53, $E4, Raw_Orders_Data!$C$4:$C$53, I$3) | J4: =SUM(F4:I4)
A5: Surat | B5: =SUMIF(Raw_Orders_Data!C4:C53, A5, Raw_Orders_Data!E4:E53) | C5: =COUNTIF(Raw_Orders_Data!C4:C53, A5) | E5: Gwalia | F5: =SUMIFS(Raw_Orders_Data!$E$4:$E$53, Raw_Orders_Data!$B$4:$B$53, $E5, Raw_Orders_Data!$C$4:$C$53, F$3) | G5: =SUMIFS(Raw_Orders_Data!$E$4:$E$53, Raw_Orders_Data!$B$4:$B$53, $E5, Raw_Orders_Data!$C$4:$C$53, G$3) | H5: =SUMIFS(Raw_Orders_Data!$E$4:$E$53, Raw_Orders_Data!$B$4:$B$53, $E5, Raw_Orders_Data!$C$4:$C$53, H$3) | I5: =SUMIFS(Raw_Orders_Data!$E$4:$E$53, Raw_Orders_Data!$B$4:$B$53, $E5, Raw_Orders_Data!$C$4:$C$53, I$3) | J5: =SUM(F5:I5)
A6: Vadodara | B6: =SUMIF(Raw_Orders_Data!C4:C53, A6, Raw_Orders_Data!E4:E53) | C6: =COUNTIF(Raw_Orders_Data!C4:C53, A6) | E6: Tomatoes | F6: =SUMIFS(Raw_Orders_Data!$E$4:$E$53, Raw_Orders_Data!$B$4:$B$53, $E6, Raw_Orders_Data!$C$4:$C$53, F$3) | G6: =SUMIFS(Raw_Orders_Data!$E$4:$E$53, Raw_Orders_Data!$B$4:$B$53, $E6, Raw_Orders_Data!$C$4:$C$53, G$3) | H6: =SUMIFS(Raw_Orders_Data!$E$4:$E$53, Raw_Orders_Data!$B$4:$B$53, $E6, Raw_Orders_Data!$C$4:$C$53, H$3) | I6: =SUMIFS(Raw_Orders_Data!$E$4:$E$53, Raw_Orders_Data!$B$4:$B$53, $E6, Raw_Orders_Data!$C$4:$C$53, I$3) | J6: =SUM(F6:I6)
A7: Rajkot | B7: =SUMIF(Raw_Orders_Data!C4:C53, A7, Raw_Orders_Data!E4:E53) | C7: =COUNTIF(Raw_Orders_Data!C4:C53, A7) | E7: Sankalp | F7: =SUMIFS(Raw_Orders_Data!$E$4:$E$53, Raw_Orders_Data!$B$4:$B$53, $E7, Raw_Orders_Data!$C$4:$C$53, F$3) | G7: =SUMIFS(Raw_Orders_Data!$E$4:$E$53, Raw_Orders_Data!$B$4:$B$53, $E7, Raw_Orders_Data!$C$4:$C$53, G$3) | H7: =SUMIFS(Raw_Orders_Data!$E$4:$E$53, Raw_Orders_Data!$B$4:$B$53, $E7, Raw_Orders_Data!$C$4:$C$53, H$3) | I7: =SUMIFS(Raw_Orders_Data!$E$4:$E$53, Raw_Orders_Data!$B$4:$B$53, $E7, Raw_Orders_Data!$C$4:$C$53, I$3) | J7: =SUM(F7:I7)
A8: Total | B8: =SUM(B4:B7) | C8: =SUM(C4:C7) | E8: Mocha | F8: =SUMIFS(Raw_Orders_Data!$E$4:$E$53, Raw_Orders_Data!$B$4:$B$53, $E8, Raw_Orders_Data!$C$4:$C$53, F$3) | G8: =SUMIFS(Raw_Orders_Data!$E$4:$E$53, Raw_Orders_Data!$B$4:$B$53, $E8, Raw_Orders_Data!$C$4:$C$53, G$3) | H8: =SUMIFS(Raw_Orders_Data!$E$4:$E$53, Raw_Orders_Data!$B$4:$B$53, $E8, Raw_Orders_Data!$C$4:$C$53, H$3) | I8: =SUMIFS(Raw_Orders_Data!$E$4:$E$53, Raw_Orders_Data!$B$4:$B$53, $E8, Raw_Orders_Data!$C$4:$C$53, I$3) | J8: =SUM(F8:I8)
E9: Mirch Masala | F9: =SUMIFS(Raw_Orders_Data!$E$4:$E$53, Raw_Orders_Data!$B$4:$B$53, $E9, Raw_Orders_Data!$C$4:$C$53, F$3) | G9: =SUMIFS(Raw_Orders_Data!$E$4:$E$53, Raw_Orders_Data!$B$4:$B$53, $E9, Raw_Orders_Data!$C$4:$C$53, G$3) | H9: =SUMIFS(Raw_Orders_Data!$E$4:$E$53, Raw_Orders_Data!$B$4:$B$53, $E9, Raw_Orders_Data!$C$4:$C$53, H$3) | I9: =SUMIFS(Raw_Orders_Data!$E$4:$E$53, Raw_Orders_Data!$B$4:$B$53, $E9, Raw_Orders_Data!$C$4:$C$53, I$3) | J9: =SUM(F9:I9)
E10: Burger King | F10: =SUMIFS(Raw_Orders_Data!$E$4:$E$53, Raw_Orders_Data!$B$4:$B$53, $E10, Raw_Orders_Data!$C$4:$C$53, F$3) | G10: =SUMIFS(Raw_Orders_Data!$E$4:$E$53, Raw_Orders_Data!$B$4:$B$53, $E10, Raw_Orders_Data!$C$4:$C$53, G$3) | H10: =SUMIFS(Raw_Orders_Data!$E$4:$E$53, Raw_Orders_Data!$B$4:$B$53, $E10, Raw_Orders_Data!$C$4:$C$53, H$3) | I10: =SUMIFS(Raw_Orders_Data!$E$4:$E$53, Raw_Orders_Data!$B$4:$B$53, $E10, Raw_Orders_Data!$C$4:$C$53, I$3) | J10: =SUM(F10:I10)
A11: Task 3: Orders Delivered by Each Delivery Partner (COUNT) | E11: Subway | F11: =SUMIFS(Raw_Orders_Data!$E$4:$E$53, Raw_Orders_Data!$B$4:$B$53, $E11, Raw_Orders_Data!$C$4:$C$53, F$3) | G11: =SUMIFS(Raw_Orders_Data!$E$4:$E$53, Raw_Orders_Data!$B$4:$B$53, $E11, Raw_Orders_Data!$C$4:$C$53, G$3) | H11: =SUMIFS(Raw_Orders_Data!$E$4:$E$53, Raw_Orders_Data!$B$4:$B$53, $E11, Raw_Orders_Data!$C$4:$C$53, H$3) | I11: =SUMIFS(Raw_Orders_Data!$E$4:$E$53, Raw_Orders_Data!$B$4:$B$53, $E11, Raw_Orders_Data!$C$4:$C$53, I$3) | J11: =SUM(F11:I11)
A12: Delivery Partner | B12: Order Count | C12: Market Share %
A13: Swiggy | B13: =COUNTIF(Raw_Orders_Data!D4:D53, A13) | C13: =B13/$B$17
A14: Zomato | B14: =COUNTIF(Raw_Orders_Data!D4:D53, A14) | C14: =B14/$B$17
A15: Shadowfax | B15: =COUNTIF(Raw_Orders_Data!D4:D53, A15) | C15: =B15/$B$17
A16: Dunzo | B16: =COUNTIF(Raw_Orders_Data!D4:D53, A16) | C16: =B16/$B$17
A17: Grand Total | B17: =SUM(B13:B16) | C17: =SUM(C13:C16)
